{
    "uvs":[],
    "faces":[35,0,1,3,2,0,0,0,0,0],
    "name":"\u5e73\u9762.001Geometry",
    "metadata":{
        "generator":"io_three",
        "version":3,
        "normals":1,
        "materials":0,
        "uvs":0,
        "type":"Geometry",
        "faces":1,
        "vertices":4
    },
    "normals":[1,0,0],
    "vertices":[-0.826055,1.1348,0.947753,-0.826055,-0.865199,0.947753,-0.826055,1.1348,-1.05225,-0.826055,-0.865199,-1.05225],
    "materials":[]
}